file_name,next_recipient_email
001_24836-A_brightline.pdf,m.chen.counsel@chenlegal.example.com
002_INV049972_northwindtx.pdf,t.baker.estates@bakerestate.example.com
003_97092-A_bluewaterprint.pdf,d.hughes.attorney@hughespatel.example.com
004_70950-A_cascadecr.pdf,jane.porter.attorney@porterwade.example.com
005_32411-A_cascadecr.pdf,d.hughes.attorney@hughespatel.example.com
006_86823_meridiansec.pdf,s.okafor.esq@okaforlaw.example.com
007_4654-A_bluewaterprint.pdf,r.alvarez.legal@alvarezlaw.example.com
008_92839_pinecrestcater.pdf,e.lindqvist@lindqvistcounsel.example.com
009_INV036164_bluewaterprint.pdf,r.alvarez.legal@alvarezlaw.example.com
010_70020-A_meridiansec.pdf,d.hughes.attorney@hughespatel.example.com
011_INV-2026-51897_northwindtx.pdf,d.hughes.attorney@hughespatel.example.com
012_54425_pinecrestcater.pdf,m.chen.counsel@chenlegal.example.com
013_INV-2026-98316_harborcourier.pdf,a.moreno.lit@morenolit.example.com
014_64906_oakridgefc.pdf,t.baker.estates@bakerestate.example.com
015_INV-2026-77458_cascadecr.pdf,m.chen.counsel@chenlegal.example.com
016_43307_bluewaterprint.pdf,
017_73681_brightline.pdf,r.alvarez.legal@alvarezlaw.example.com
018_INV-2026-84206_meridiansec.pdf,e.lindqvist@lindqvistcounsel.example.com
019_31623_harborcourier.pdf,r.alvarez.legal@alvarezlaw.example.com
020_INV-2026-32152_northwindtx.pdf,e.lindqvist@lindqvistcounsel.example.com
021_33409-A_summitit.pdf,d.hughes.attorney@hughespatel.example.com
022_INV-2026-84177_brightline.pdf,r.alvarez.legal@alvarezlaw.example.com
023_86916_oakridgefc.pdf,d.hughes.attorney@hughespatel.example.com
024_INV-2026-25673_northwindtx.pdf,jane.porter.attorney@porterwade.example.com
025_INV-2026-13821_summitit.pdf,s.okafor.esq@okaforlaw.example.com
026_93261_northwindtx.pdf,r.alvarez.legal@alvarezlaw.example.com
027_1223-A_pinecrestcater.pdf,t.baker.estates@bakerestate.example.com
028_07714_graniterecords.pdf,m.chen.counsel@chenlegal.example.com
029_INV-2026-95674_graniterecords.pdf,r.alvarez.legal@alvarezlaw.example.com
030_26708-A_brightline.pdf,e.lindqvist@lindqvistcounsel.example.com
031_86873-A_brightline.pdf,jane.porter.attorney@porterwade.example.com
032_75539_meridiansec.pdf,a.moreno.lit@morenolit.example.com
033_INV095933_oakridgefc.pdf,t.baker.estates@bakerestate.example.com
034_INV-2026-75079_meridiansec.pdf,jane.porter.attorney@porterwade.example.com
035_INV092286_meridiansec.pdf,t.baker.estates@bakerestate.example.com
036_INV092686_pinecrestcater.pdf,t.baker.estates@bakerestate.example.com
037_37987_brightline.pdf,a.moreno.lit@morenolit.example.com
038_INV040961_summitit.pdf,a.moreno.lit@morenolit.example.com
039_INV-2026-83702_meridiansec.pdf,jane.porter.attorney@porterwade.example.com
040_65426_oakridgefc.pdf,t.baker.estates@bakerestate.example.com
041_12209-A_meridiansec.pdf,s.okafor.esq@okaforlaw.example.com
042_14748-A_graniterecords.pdf,jane.porter.attorney@porterwade.example.com
043_INV-2026-67724_pinecrestcater.pdf,
044_18237_harborcourier.pdf,t.baker.estates@bakerestate.example.com
045_INV-2026-99003_oakridgefc.pdf,d.hughes.attorney@hughespatel.example.com
046_INV-2026-97477_summitit.pdf,e.lindqvist@lindqvistcounsel.example.com
047_70724_cascadecr.pdf,d.hughes.attorney@hughespatel.example.com
048_INV029304_graniterecords.pdf,a.moreno.lit@morenolit.example.com
049_85659_graniterecords.pdf,jane.porter.attorney@porterwade.example.com
050_INV-2026-97866_meridiansec.pdf,t.baker.estates@bakerestate.example.com
051_INV-2026-3014_brightline.pdf,jane.porter.attorney@porterwade.example.com
052_INV028878_harborcourier.pdf,m.chen.counsel@chenlegal.example.com
053_INV045923_harborcourier.pdf,a.moreno.lit@morenolit.example.com
054_INV037429_pinecrestcater.pdf,m.chen.counsel@chenlegal.example.com
055_INV049941_northwindtx.pdf,r.alvarez.legal@alvarezlaw.example.com
056_INV027590_oakridgefc.pdf,e.lindqvist@lindqvistcounsel.example.com
057_76644-A_harborcourier.pdf,t.baker.estates@bakerestate.example.com
058_45721_cascadecr.pdf,d.hughes.attorney@hughespatel.example.com
059_INV058184_graniterecords.pdf,e.lindqvist@lindqvistcounsel.example.com
060_76869-A_harborcourier.pdf,t.baker.estates@bakerestate.example.com
061_INV-2026-90352_meridiansec.pdf,m.chen.counsel@chenlegal.example.com
062_71956-A_brightline.pdf,t.baker.estates@bakerestate.example.com
063_86418_summitit.pdf,m.chen.counsel@chenlegal.example.com
064_24947_graniterecords.pdf,jane.porter.attorney@porterwade.example.com
065_08803_pinecrestcater.pdf,t.baker.estates@bakerestate.example.com
066_INV-2026-16330_meridiansec.pdf,t.baker.estates@bakerestate.example.com
067_47521_meridiansec.pdf,a.moreno.lit@morenolit.example.com
068_10168_cascadecr.pdf,e.lindqvist@lindqvistcounsel.example.com
069_INV-2026-91802_cascadecr.pdf,t.baker.estates@bakerestate.example.com
070_09884_pinecrestcater.pdf,t.baker.estates@bakerestate.example.com
071_51623-A_pinecrestcater.pdf,s.okafor.esq@okaforlaw.example.com
072_55120-A_cascadecr.pdf,a.moreno.lit@morenolit.example.com
073_INV-2026-79630_bluewaterprint.pdf,d.hughes.attorney@hughespatel.example.com
074_INV-2026-26805_northwindtx.pdf,jane.porter.attorney@porterwade.example.com
075_90404-A_oakridgefc.pdf,s.okafor.esq@okaforlaw.example.com
076_81214_brightline.pdf,a.moreno.lit@morenolit.example.com
077_INV-2026-30499_bluewaterprint.pdf,m.chen.counsel@chenlegal.example.com
078_INV053992_cascadecr.pdf,jane.porter.attorney@porterwade.example.com
079_88677-A_pinecrestcater.pdf,m.chen.counsel@chenlegal.example.com
080_INV086336_cascadecr.pdf,a.moreno.lit@morenolit.example.com
081_25158_northwindtx.pdf,e.lindqvist@lindqvistcounsel.example.com
082_INV-2026-73075_pinecrestcater.pdf,r.alvarez.legal@alvarezlaw.example.com
083_INV070944_meridiansec.pdf,
084_2222-A_cascadecr.pdf,s.okafor.esq@okaforlaw.example.com
085_40708_harborcourier.pdf,t.baker.estates@bakerestate.example.com
086_INV045775_harborcourier.pdf,d.hughes.attorney@hughespatel.example.com
087_76860_brightline.pdf,e.lindqvist@lindqvistcounsel.example.com
088_INV-2026-50056_summitit.pdf,t.baker.estates@bakerestate.example.com
089_INV067481_graniterecords.pdf,r.alvarez.legal@alvarezlaw.example.com
090_INV052384_oakridgefc.pdf,jane.porter.attorney@porterwade.example.com
091_75034_brightline.pdf,jane.porter.attorney@porterwade.example.com
092_90853_harborcourier.pdf,m.chen.counsel@chenlegal.example.com
093_17207-A_meridiansec.pdf,m.chen.counsel@chenlegal.example.com
094_INV051237_graniterecords.pdf,e.lindqvist@lindqvistcounsel.example.com
095_90667_meridiansec.pdf,m.chen.counsel@chenlegal.example.com
096_25375-A_brightline.pdf,r.alvarez.legal@alvarezlaw.example.com
097_INV-2026-56249_oakridgefc.pdf,s.okafor.esq@okaforlaw.example.com
098_84736_oakridgefc.pdf,t.baker.estates@bakerestate.example.com
099_INV056764_northwindtx.pdf,r.alvarez.legal@alvarezlaw.example.com
100_53498_graniterecords.pdf,s.okafor.esq@okaforlaw.example.com
101_INV-2026-74163_northwindtx.pdf,a.moreno.lit@morenolit.example.com
102_INV-2026-42124_pinecrestcater.pdf,a.moreno.lit@morenolit.example.com
103_INV-2026-31296_pinecrestcater.pdf,r.alvarez.legal@alvarezlaw.example.com
104_INV-2026-15738_harborcourier.pdf,r.alvarez.legal@alvarezlaw.example.com
105_INV-2026-70724_summitit.pdf,t.baker.estates@bakerestate.example.com
106_73968-A_summitit.pdf,m.chen.counsel@chenlegal.example.com
107_56930-A_graniterecords.pdf,a.moreno.lit@morenolit.example.com
108_INV048537_meridiansec.pdf,t.baker.estates@bakerestate.example.com
109_INV027983_oakridgefc.pdf,r.alvarez.legal@alvarezlaw.example.com
110_INV083440_bluewaterprint.pdf,d.hughes.attorney@hughespatel.example.com
111_85855_oakridgefc.pdf,s.okafor.esq@okaforlaw.example.com
112_INV-2026-33658_meridiansec.pdf,r.alvarez.legal@alvarezlaw.example.com
113_66194_pinecrestcater.pdf,d.hughes.attorney@hughespatel.example.com
114_INV-2026-78056_harborcourier.pdf,e.lindqvist@lindqvistcounsel.example.com
115_INV-2026-1307_brightline.pdf,t.baker.estates@bakerestate.example.com
116_69668_pinecrestcater.pdf,t.baker.estates@bakerestate.example.com
117_3518-A_oakridgefc.pdf,jane.porter.attorney@porterwade.example.com
118_INV048262_harborcourier.pdf,s.okafor.esq@okaforlaw.example.com
119_91859-A_cascadecr.pdf,d.hughes.attorney@hughespatel.example.com
120_58177-A_cascadecr.pdf,r.alvarez.legal@alvarezlaw.example.com
121_80681_graniterecords.pdf,t.baker.estates@bakerestate.example.com
122_INV-2026-6292_cascadecr.pdf,m.chen.counsel@chenlegal.example.com
123_INV021895_summitit.pdf,a.moreno.lit@morenolit.example.com
124_INV-2026-57167_northwindtx.pdf,r.alvarez.legal@alvarezlaw.example.com
125_INV-2026-39816_summitit.pdf,e.lindqvist@lindqvistcounsel.example.com
126_56446-A_harborcourier.pdf,e.lindqvist@lindqvistcounsel.example.com
127_INV-2026-24993_cascadecr.pdf,t.baker.estates@bakerestate.example.com
128_39599-A_summitit.pdf,r.alvarez.legal@alvarezlaw.example.com
129_68529-A_graniterecords.pdf,d.hughes.attorney@hughespatel.example.com
130_9816-A_brightline.pdf,m.chen.counsel@chenlegal.example.com
131_80865-A_oakridgefc.pdf,m.chen.counsel@chenlegal.example.com
132_57599_graniterecords.pdf,r.alvarez.legal@alvarezlaw.example.com
133_INV091049_pinecrestcater.pdf,m.chen.counsel@chenlegal.example.com
134_38886_meridiansec.pdf,e.lindqvist@lindqvistcounsel.example.com
135_INV-2026-57859_oakridgefc.pdf,jane.porter.attorney@porterwade.example.com
136_INV-2026-99167_pinecrestcater.pdf,r.alvarez.legal@alvarezlaw.example.com
137_INV-2026-9636_oakridgefc.pdf,e.lindqvist@lindqvistcounsel.example.com
138_42722_northwindtx.pdf,s.okafor.esq@okaforlaw.example.com
139_67920_bluewaterprint.pdf,a.moreno.lit@morenolit.example.com
140_72601_harborcourier.pdf,a.moreno.lit@morenolit.example.com
141_36504-A_harborcourier.pdf,t.baker.estates@bakerestate.example.com
142_INV068090_pinecrestcater.pdf,m.chen.counsel@chenlegal.example.com
143_65338_harborcourier.pdf,s.okafor.esq@okaforlaw.example.com
144_INV048866_meridiansec.pdf,m.chen.counsel@chenlegal.example.com
145_13355-A_meridiansec.pdf,r.alvarez.legal@alvarezlaw.example.com
146_14563-A_harborcourier.pdf,jane.porter.attorney@porterwade.example.com
147_INV-2026-63922_bluewaterprint.pdf,jane.porter.attorney@porterwade.example.com
148_03211_oakridgefc.pdf,s.okafor.esq@okaforlaw.example.com
149_89284_northwindtx.pdf,t.baker.estates@bakerestate.example.com
150_35398_cascadecr.pdf,s.okafor.esq@okaforlaw.example.com
151_INV094667_graniterecords.pdf,a.moreno.lit@morenolit.example.com
152_85946-A_northwindtx.pdf,a.moreno.lit@morenolit.example.com
154_INV-2026-13623_summitit.pdf,a.moreno.lit@morenolit.example.com
155_25414-A_harborcourier.pdf,a.moreno.lit@morenolit.example.com
156_76780_meridiansec.pdf,d.hughes.attorney@hughespatel.example.com
157_INV-2026-19980_cascadecr.pdf,a.moreno.lit@morenolit.example.com
158_17314-A_oakridgefc.pdf,e.lindqvist@lindqvistcounsel.example.com
159_INV062173_cascadecr.pdf,
160_INV-2026-57007_oakridgefc.pdf,s.okafor.esq@okaforlaw.example.com
161_17570_harborcourier.pdf,jane.porter.attorney@porterwade.example.com
162_26344_northwindtx.pdf,s.okafor.esq@okaforlaw.example.com
163_90331-A_northwindtx.pdf,m.chen.counsel@chenlegal.example.com
165_INV063712_pinecrestcater.pdf,jane.porter.attorney@porterwade.example.com
166_20367_oakridgefc.pdf,r.alvarez.legal@alvarezlaw.example.com
167_19121_oakridgefc.pdf,t.baker.estates@bakerestate.example.com
168_INV-2026-21933_graniterecords.pdf,t.baker.estates@bakerestate.example.com
169_INV023663_graniterecords.pdf,s.okafor.esq@okaforlaw.example.com
170_17652_meridiansec.pdf,t.baker.estates@bakerestate.example.com
171_84509_cascadecr.pdf,d.hughes.attorney@hughespatel.example.com
172_38939_northwindtx.pdf,e.lindqvist@lindqvistcounsel.example.com
173_83744-A_cascadecr.pdf,m.chen.counsel@chenlegal.example.com
174_INV091064_brightline.pdf,d.hughes.attorney@hughespatel.example.com
175_76648-A_bluewaterprint.pdf,d.hughes.attorney@hughespatel.example.com
176_12079_northwindtx.pdf,e.lindqvist@lindqvistcounsel.example.com
177_20006_cascadecr.pdf,s.okafor.esq@okaforlaw.example.com
179_93128_summitit.pdf,a.moreno.lit@morenolit.example.com
180_INV057229_harborcourier.pdf,s.okafor.esq@okaforlaw.example.com
182_82779_harborcourier.pdf,a.moreno.lit@morenolit.example.com
183_INV-2026-48880_meridiansec.pdf,e.lindqvist@lindqvistcounsel.example.com
184_41809-A_brightline.pdf,s.okafor.esq@okaforlaw.example.com
185_INV082045_graniterecords.pdf,t.baker.estates@bakerestate.example.com
186_INV-2026-1175_pinecrestcater.pdf,d.hughes.attorney@hughespatel.example.com
187_12097_brightline.pdf,t.baker.estates@bakerestate.example.com
188_51189_brightline.pdf,s.okafor.esq@okaforlaw.example.com
189_54796_harborcourier.pdf,r.alvarez.legal@alvarezlaw.example.com
190_INV-2026-35842_northwindtx.pdf,d.hughes.attorney@hughespatel.example.com
191_87683_bluewaterprint.pdf,e.lindqvist@lindqvistcounsel.example.com
192_INV010127_summitit.pdf,m.chen.counsel@chenlegal.example.com
193_62447_meridiansec.pdf,d.hughes.attorney@hughespatel.example.com
194_INV-2026-90739_brightline.pdf,m.chen.counsel@chenlegal.example.com
195_INV099929_northwindtx.pdf,s.okafor.esq@okaforlaw.example.com
196_INV-2026-91101_pinecrestcater.pdf,d.hughes.attorney@hughespatel.example.com
197_INV-2026-40845_harborcourier.pdf,a.moreno.lit@morenolit.example.com
198_INV-2026-71425_meridiansec.pdf,d.hughes.attorney@hughespatel.example.com
199_INV015698_oakridgefc.pdf,d.hughes.attorney@hughespatel.example.com
200_INV056808_graniterecords.pdf,m.chen.counsel@chenlegal.example.com
